English Name,Chinese Name,Type,HP_Predict_Model,HP_Actual,Attack_Predict_Model,Attack_Actual,Defense_Predict_Model,Defense_Actual,SP. Atk._Predict_Model,SP. Atk._Actual,SP. Def_Predict_Model,SP. Def_Actual,Speed_Predict_Model,Speed_Actual
Stoutland,長毛狗,Normal,76.524216,85,90.78871,110,63.546516,90,63.153313,45,60.190895,90,96.64077,80
Tranquill,咕咕鴿,Normal,59.86988,62,68.693504,77,51.667316,62,65.13745,50,55.982758,42,77.06893,65
Rufflet,毛頭小鷹,Normal,59.18622,70,58.13183,83,48.28347,50,54.21567,37,48.707554,50,78.91136,60
Bewear,穿著熊,Normal,95.06956,120,87.33525,125,79.17031,80,74.20529,55,68.36672,60,84.64262,60
Hoothoot,咕咕,Normal,71.07256,60,70.18276,30,54.118214,30,77.51891,36,64.91151,56,72.1085,50
Stufful,童偶熊,Normal,64.00354,70,57.772945,75,49.85546,50,42.736824,45,54.592762,50,58.8199,50
Regigigas,雷吉奇卡斯,Normal,104.69006,110,90.16906,160,77.327736,110,78.49802,80,77.98932,110,78.21717,100
Watchog,步哨鼠,Normal,76.05043,60,76.67019,85,61.14166,69,50.02101,60,60.744324,69,74.24581,77
Chansey,吉利蛋,Normal,128.81953,250,73.29619,5,58.786514,5,58.900154,35,67.0965,105,67.173744,50
Doduo,嘟嘟,Normal,58.423843,35,75.38213,85,51.090252,45,53.787582,35,64.4552,35,91.82322,75
Kangaskhan,袋獸,Normal,88.507835,105,95.770966,95,62.48654,80,55.963493,40,71.6078,80,84.06435,90
Meowth,喵喵,Normal,63.449314,40,67.554085,45,68.16464,35,40.24888,40,63.703995,40,74.66231,90
Fearow,大嘴雀,Normal,83.2024,65,75.692825,90,75.15886,65,107.83569,61,74.315765,61,82.38242,100
Zigzagoon,蛇紋熊,Normal,57.93142,38,57.14628,30,56.055717,41,42.18927,30,51.979362,41,75.63553,60
Whismur,咕妞妞,Normal,72.11865,64,59.73929,51,36.02578,23,55.531033,51,57.100163,23,74.08169,28
Lopunny,長耳兔,Normal,76.11581,65,81.029915,76,69.247795,84,54.814545,54,70.13565,96,74.34358,105
Pikipek,小篤兒,Normal,59.36125,35,69.42831,75,47.394432,30,48.207367,30,50.77556,30,81.13721,65
Maushold Family of Three,一家鼠 四隻家庭,Normal,75.85168,74,60.053005,75,64.62453,70,40.753067,65,69.95408,75,82.44992,111
Bidoof,大牙狸,Normal,62.407696,59,60.144695,45,44.471844,40,45.363785,35,47.405495,40,61.753464,31
Bouffalant,爆炸頭水牛,Normal,89.010544,95,80.68336,110,72.628876,95,73.00497,40,72.83057,95,79.33001,55
Munchlax,小卡比獸,Normal,63.82006,135,72.9271,85,52.704517,40,35.2816,40,61.724663,85,71.1279,5
Wooloo,毛辮羊,Normal,115.04773,42,71.76935,40,71.76082,55,66.8576,40,71.85948,45,70.27408,48
Igglybuff,寶寶丁,Normal,50.37947,90,54.991817,30,42.90998,15,50.74955,40,45.207214,20,69.23776,15
Bibarel,大尾狸,Normal,73.089874,79,67.57455,85,63.427677,60,62.37491,55,70.77976,60,58.486725,71
Skitty,向尾喵,Normal,69.82105,50,56.017113,45,69.85553,45,46.03263,35,58.79082,35,75.21721,50
Noctowl,貓頭夜鷹,Normal,80.520226,100,78.024445,50,61.404026,50,73.2341,86,66.34108,96,79.1109,70
Snorlax,卡比獸,Normal,104.09693,160,88.14824,110,70.65868,65,76.286415,65,69.15976,110,67.817856,30
Lechonk,愛吃豚,Normal,54.27672,54,57.62535,45,37.267235,40,41.92238,35,43.649105,45,72.226555,35
Maushold Family of Four,一家鼠 三隻家庭,Normal,78.901344,74,59.014538,75,66.96437,70,44.171757,65,71.48726,75,83.150375,111
Ursaring,圈圈熊,Normal,104.46036,90,85.9009,130,76.76602,75,59.981785,75,64.58553,75,83.731926,55
Gumshoos,貓鼬探長,Normal,67.3191,88,79.25728,110,56.927395,60,69.93872,55,72.28103,60,70.95428,45
Zamazenta Crowned Shield,藏瑪然特 盾之王,Fighting,78.875946,92,111.75468,120,77.36423,140,73.23676,80,74.24619,140,94.35537,128
Sirfetch'd,蔥遊兵,Fighting,67.23114,62,93.387924,135,78.07609,95,60.13492,68,52.71201,82,78.64661,65
Pheromosa,費洛美螂,Fighting,82.21316,71,125.98262,137,84.95713,37,65.72666,137,65.16239,37,87.270546,151
Koraidon,故勒頓,Fighting,88.99752,100,124.789276,135,97.894135,115,100.81511,85,75.95258,100,97.32171,135
Infernape,烈焰猴,Fighting,84.80502,76,112.22706,104,93.68608,71,72.3049,104,70.09546,71,95.12359,108
Zamazenta Hero of Many Battles,藏瑪然特 百戰勇者,Fighting,75.11411,92,90.78088,120,89.42921,115,79.18189,80,70.80627,115,90.20706,138
Passimian,投擲猴,Fighting,76.51021,100,80.87744,120,76.118256,90,64.90357,40,58.549614,60,84.68459,80
Pignite,炒炒豬,Fighting,76.023735,90,76.60527,93,74.99953,55,71.173775,70,67.29822,55,74.93236,55
Pidgey,波波,Fighting,72.333046,40,107.5473,45,74.4741,40,61.855637,35,66.80245,35,96.41025,56
Galarian Farfetch'd,大蔥鴨 迦勒爾的樣子,Fighting,69.567825,52,81.36045,95,78.10105,55,63.606777,58,67.63105,62,76.45095,55
Hisuian Decidueye,狙射樹梟 洗翠的樣子,Fighting,83.174065,88,104.43863,112,78.205055,80,78.676216,95,80.37963,95,97.1697,60
Medicham,恰雷姆,Fighting,87.12752,60,103.38502,60,65.97187,75,61.18125,60,63.761524,75,74.43991,80
Heracross,赫拉克羅斯,Fighting,82.32077,80,87.037796,125,79.71647,75,93.423355,40,64.72227,95,74.85409,85
Mankey,猴怪,Fighting,73.96841,40,98.904274,80,91.76107,35,51.128067,35,66.124985,45,75.078674,70
Mega Medicham,MEGA恰雷姆,Fighting,73.58106,60,118.434555,100,75.06933,85,82.14739,80,81.39153,85,88.65486,100
Breloom,斗笠菇,Fighting,78.194435,60,88.87105,130,60.946526,80,56.54141,60,57.692997,60,75.37506,70
Hitmonchan,快拳郎,Fighting,80.61002,50,97.21258,105,78.56221,79,85.64477,35,71.32943,110,88.553734,76
Hitmontop,戰舞郎,Fighting,71.58991,50,113.78466,95,62.36713,95,53.393456,35,63.088516,110,71.365395,70
Mienshao,師父鼬,Fighting,92.915695,65,109.62747,125,73.90499,60,83.59248,95,66.63853,60,87.076965,105
Quaquaval,狂歡浪舞鴨,Fighting,77.28727,85,93.3624,120,72.1897,80,66.107086,85,76.967995,75,81.63565,85
Starly,姆克兒,Flying,61.352432,40,53.586212,55,42.841587,30,50.48403,30,47.54604,30,70.01487,60
Ho-oh,鳳王,Flying,81.296196,106,83.845024,130,70.48772,90,89.07106,110,63.007835,154,92.03759,90
Moltres,火焰鳥,Flying,83.15822,90,105.54341,100,80.41793,90,103.71054,125,105.96434,85,97.07351,90
Skiploom,毽子花,Flying,67.80038,55,61.639545,45,54.46599,50,64.08578,45,72.106964,65,78.627625,80
Noibat,嗡蝠,Flying,67.06987,40,69.41686,30,55.4345,35,69.559494,45,62.938232,40,78.130554,55
Staravia,姆克鳥,Flying,69.01037,55,75.379585,75,69.75847,50,74.705315,40,71.84545,40,91.59487,80
Rotom Fan Rotom,旋轉洛托姆,Flying,68.47169,50,56.364082,65,49.50797,107,63.345306,105,66.63614,107,80.22038,86
Trumbeak,喇叭啄鳥,Flying,67.80421,55,91.65899,85,62.498283,50,68.07316,40,66.93567,50,83.32289,75
Emolga,電飛鼠,Flying,67.799965,55,61.908875,75,54.597763,60,75.65876,75,56.419937,60,81.99981,103
Crobat,叉字蝠,Flying,84.16969,85,80.06814,90,70.916626,80,86.20458,70,86.50045,80,111.94866,130
Fletchinder,火箭雀,Flying,66.96985,62,83.48394,73,74.975685,55,80.52695,56,69.10339,52,93.854675,84
Togetic,波克基古,Flying,70.17404,55,81.07234,40,58.85086,85,85.31559,80,64.45607,105,89.67542,40
Chatot,聒噪鳥,Flying,61.85224,76,56.05829,65,62.921806,45,46.98209,92,54.68402,42,81.00485,91
Fearow,大嘴雀,Flying,75.74857,65,92.24409,90,79.76452,65,89.878624,61,96.556366,61,90.07833,100
Vivillon,彩粉蝶,Flying,62.174652,80,70.82698,52,88.217155,50,82.11974,90,92.27673,50,90.195885,89
Rookidee,稚山雀,Flying,61.456867,38,59.44659,47,46.224983,35,55.876366,33,56.094387,35,77.79269,57
Delibird,信使鳥,Flying,69.88342,45,59.677185,55,67.298,45,70.91955,65,71.80727,45,84.69946,75
Swanna,舞天鵝,Flying,84.62751,75,94.80594,87,76.687935,63,68.50813,87,85.852104,63,93.973404,98
Bombirdier,下石鳥,Flying,70.57731,70,72.402664,103,84.31466,85,85.99592,60,94.5065,85,82.949165,82
Hisuian Braviary,勇士雄鷹 洗翠的樣子,Flying,75.5394,110,95.28698,83,70.08067,70,85.34916,112,63.57412,70,84.48865,65
Galarian Zapdos,閃電鳥 伽勒爾的樣子,Flying,77.39634,90,119.67359,125,76.63545,90,103.79899,85,85.79047,90,86.93325,100
Scyther,飛天螳螂,Flying,78.705124,70,89.81511,110,70.60051,80,79.44832,55,68.26528,80,84.12806,105
Enamorus Therian Forme,眷戀雲 靈獸形態,Flying,81.308014,74,101.33092,115,77.19153,110,122.20019,135,76.48053,100,95.25386,46
Mega Pinsir,MEGA凱羅斯,Flying,82.89328,65,94.13706,155,71.067055,120,95.62332,65,100.39241,90,90.69991,105
Toucannon,銃嘴大鳥,Flying,84.8722,80,74.53155,120,98.79271,75,82.87897,75,94.95148,75,84.09845,60
Pelipper,大嘴鷗,Flying,87.46661,60,82.322495,50,82.36478,100,78.41414,95,85.56389,70,90.86687,65
Eternatus,無極汰那,Poison,176.15395,140,80.9901,85,188.36853,95,109.98065,145,130.49677,95,106.35695,130
Toxel,毒電嬰,Poison,63.755905,40,71.828804,38,58.423347,35,59.156296,54,61.81889,35,42.432175,40
Salazzle,焰后蜥,Poison,64.38883,68,85.631165,64,69.777374,60,54.89142,111,62.359417,60,79.71287,117
Fezandipiti,吉雉雞,Poison,75.16207,88,93.26937,91,81.00143,82,68.64528,70,79.09463,125,85.38637,99
Gastly,鬼斯,Poison,60.008545,30,49.79138,35,62.305927,30,55.84012,100,47.30299,35,52.284615,80
Toxtricity Low Key Form,顫弦蠑螈 低調的樣子,Poison,81.06975,75,90.77686,98,66.93287,70,78.62332,114,81.050644,70,84.02666,75
Dragalge,毒藻龍,Poison,72.74394,65,87.845894,75,108.17605,90,83.0393,97,83.31971,123,94.11211,44
Crobat,叉字蝠,Poison,68.72326,85,71.14395,90,68.01468,80,83.257515,70,75.28891,80,93.30926,130
Bulbasaur,妙蛙種子,Poison,58.60715,45,72.94736,49,59.043404,49,66.650246,65,56.12464,65,41.07106,45
Nidoran,尼多蘭,Poison,61.03344,55,68.505936,47,61.129898,52,56.230072,40,70.804344,40,73.00279,41
Trubbish,破破袋,Poison,75.701164,50,65.63152,50,48.79834,62,53.628742,40,63.69136,62,58.870613,65
Alolan Grimer,臭泥 阿羅拉的樣子,Poison,61.2818,80,68.81428,80,64.00773,50,75.591194,40,58.887253,50,37.29043,25
Oddish,走路草,Poison,59.88323,45,74.082756,50,47.905834,55,70.87913,75,66.6013,65,53.52178,30
Weedle,獨角蟲,Poison,60.192463,40,75.85457,35,57.557045,30,58.296597,20,67.45586,20,54.461796,50
Muk,臭臭泥,Poison,81.12648,105,87.134155,105,107.8817,75,73.92232,65,84.039444,100,73.651764,50
Tentacool,瑪瑙水母,Poison,68.83352,40,68.89601,40,72.24175,35,63.78479,50,63.687225,100,58.076637,70
Nidoqueen,尼多后,Poison,71.48394,90,84.73754,92,73.262924,87,72.95108,75,116.96177,85,90.67206,76
Venomoth,摩魯蛾,Poison,69.03588,70,87.707436,65,80.57835,60,52.4685,90,77.01291,75,78.34893,90
Budew,含羞苞,Poison,61.26983,40,70.86735,30,61.216892,35,74.63274,50,65.367905,70,41.04563,55
Grafaiai,塗標客,Poison,61.855053,63,59.08184,95,54.628914,65,71.623116,80,77.793274,72,64.69877,110
Baltoy,天秤偶,Ground,53.79756,40,95.26262,40,107.442474,55,47.009895,40,74.289345,70,57.410004,55
Swinub,小山豬,Ground,75.482605,50,104.348785,50,98.93906,40,59.664684,30,62.061295,30,43.43975,50
Mamoswine,象牙豬,Ground,88.40371,110,93.51961,130,101.858864,80,63.928375,70,71.27588,60,69.79203,80
Diggersby,掘地兔,Ground,57.140472,85,80.168274,56,80.23184,77,57.355503,50,63.833042,77,54.177563,78
Sandshrew,穿山鼠,Ground,69.620094,50,78.67992,75,91.336716,85,51.88051,20,54.932148,30,59.892548,40
Larvitar,幼基拉斯,Ground,61.550835,50,80.507256,64,89.556274,50,51.636578,45,63.32749,50,50.245613,41
Whiscash,鯰魚王,Ground,66.571434,110,82.94772,78,67.442535,73,69.71433,76,75.87954,71,63.999886,60
Galarian Stunfisk,泥巴魚 伽勒爾的樣子,Ground,78.509544,109,81.01276,81,101.57953,99,52.055748,66,56.75537,84,39.15339,32
Golem,隆隆岩,Ground,83.66292,80,105.208405,120,124.18883,130,70.91048,55,75.491035,65,64.89396,45
Torterra,土台龜,Ground,87.6552,95,100.19732,109,113.36612,105,75.94733,75,62.523705,85,61.089466,56
Ursaluna,月月熊,Ground,102.70767,130,118.06203,140,100.5574,105,78.38548,45,65.11733,80,58.383907,50
Trapinch,大顎蟻,Ground,65.91766,45,61.598915,100,60.176132,45,56.447735,45,66.18195,45,44.996387,10
Drilbur,螺釘地鼠,Ground,67.44044,60,85.64437,85,91.223434,40,53.02641,30,67.23731,45,48.76281,68
Great Tusk,雄偉牙,Ground,85.352165,115,104.14546,131,115.08617,131,90.922485,53,79.904526,53,71.293686,87
Cubone,卡拉卡拉,Ground,67.13411,50,81.11373,50,83.14572,95,50.78556,40,75.821945,50,59.072876,35
Diglett,地鼠,Ground,48.13922,10,54.98803,55,64.46561,25,41.43814,35,46.802254,45,44.823154,95
Quagsire,沼王,Ground,68.50241,95,92.07238,85,78.81119,85,57.238262,65,73.12681,65,67.818245,35
Marshtomp,水躍魚,Ground,79.03455,70,91.52875,85,76.60042,70,60.818645,60,73.53453,70,56.449738,50
Coalossal,巨炭山,Rock,83.14908,110,116.23473,80,118.6074,120,49.72198,80,56.455307,90,49.33872,30
Hisuian Growlithe,洗翠卡蒂狗,Rock,55.700497,60,82.121155,75,97.76457,45,44.107796,65,51.0838,50,53.600967,55
Aron,可可多拉,Rock,49.4,50,71.280945,70,79.58844,100,62.60598,40,53.57862,40,51.3069,30
Pupitar,沙基拉斯,Rock,61.329407,70,58.364845,84,98.72473,70,66.1997,65,81.68078,70,57.179527,51
Omastar,多刺菊石獸,Rock,79.24314,70,91.53054,60,90.49719,125,97.045,115,75.852554,70,68.47752,55
Lycanroc Midnight Form,鬃岩狼人 黑夜的樣子,Rock,65.68549,85,85.50169,115,96.57869,75,59.44824,55,102.28902,75,55.717564,82
Rhydon,鑽角犀獸,Rock,73.74975,105,103.74715,130,101.81672,120,65.91929,45,70.16698,45,53.14008,40
Shuckle,壺壺,Rock,57.244385,20,77.82919,10,86.96349,230,77.12836,10,54.986065,230,45.790176,5
Graveler,隆隆石,Rock,62.536537,55,102.12674,95,118.14244,115,49.55141,45,49.424744,45,71.30611,35
Lycanroc Dusk Form,鬃岩狼人 黑夜的樣子,Rock,69.057465,75,112.929535,117,88.89215,65,68.8365,55,64.91878,65,76.99498,110
Iron Thorns,鐵荊棘,Rock,79.44066,100,113.14641,134,112.905334,110,55.898926,70,69.7968,84,60.983284,72
Rockruff Own Tempo Rockruff,特殊岩狗狗 (特性不同:我行我素),Rock,54.554165,45,85.75495,65,78.729294,40,53.474186,30,50.18741,40,50.033043,60
Terrakion,代拉基翁,Rock,75.896225,91,110.621254,129,132.76367,90,58.760235,72,83.181015,90,52.385197,108
Naclstack,鹽石壘,Rock,64.96217,60,91.521385,60,135.29533,100,53.74954,35,89.68914,65,44.731102,35
Glimmora,晶光花,Rock,66.021904,83,82.51657,55,106.576,90,65.62534,130,94.315155,81,52.126278,86
Rockruff,岩狗狗,Rock,54.554165,45,85.75495,65,78.729294,40,53.474186,30,50.18741,40,50.033043,60
Anorith,太古羽蟲,Rock,69.35905,45,82.507965,95,76.18533,50,81.2528,40,84.32022,50,63.889797,75
Nacli,鹽石寶,Rock,69.285934,55,87.547104,55,120.43154,75,51.673126,35,57.42163,35,67.87693,25
Buzzwole,爆肌蚊,Bug,65.39647,107,92.65955,139,55.610657,139,80.74193,53,67.9813,53,104.30032,79
Sewaddle,蟲寶包,Bug,47.12284,45,49.431686,53,86.90541,70,37.90454,40,43.109955,60,56.942123,42
Genesect,蓋諾賽克特,Bug,59.516502,71,79.80219,120,81.13495,95,52.842247,120,74.50953,95,59.447636,99
Wormadam Plant Cloak,結草貴婦 草木蓑衣,Bug,69.32717,60,86.52273,59,80.70158,85,46.514847,79,70.019905,105,44.8052,36
Burmy Trash Cloak,結草兒 垃圾蓑衣,Bug,48.29696,40,50.115566,29,63.407696,45,40.20509,29,57.757065,45,45.38598,36
Armaldo,太古盔甲,Bug,50.94062,75,63.713978,125,61.975246,100,57.822422,70,65.5417,80,68.493065,45
Mega Scizor,MEGA巨鉗螳螂,Bug,60.932064,70,108.0462,150,55.642525,140,61.73759,65,74.96434,100,87.88954,75
Araquanid,滴蛛霸,Bug,49.854336,68,56.462986,70,81.42214,92,50.67575,50,80.55762,132,45.395073,42
Venomoth,摩魯蛾,Bug,62.457466,70,85.45913,65,67.83505,60,76.74185,90,55.42884,75,78.67025,90
Caterpie,綠毛蟲,Bug,44.79341,45,33.882175,30,62.10062,35,35.604107,20,66.90179,20,41.677116,45
Yanma,蜻蜻蜓,Bug,65.69023,65,87.450516,65,75.495224,45,55.701138,75,61.575928,45,78.472885,95
Dustox,毒粉蛾,Bug,52.29462,60,58.26671,50,71.08293,70,68.24721,50,73.630135,90,53.844837,65
Vivillon,彩粉蝶,Bug,67.823654,80,77.798134,52,70.151825,50,70.22543,90,69.35144,50,85.91192,89
Nincada,土居忍士,Bug,49.775234,31,65.94334,45,73.27905,90,35.790253,30,44.640247,30,56.82001,40
Snom,雪吞蟲,Bug,48.814503,30,50.441216,25,60.735336,35,46.45195,45,38.072777,30,53.43284,20
Kakuna,鐵殼蛹,Bug,43.158844,45,45.999336,25,59.12437,50,52.189335,25,63.951164,25,78.71469,35
Vikavolt,鍬農炮蟲,Bug,67.50727,77,120.07028,70,83.29918,90,56.505993,145,74.56919,75,67.45174,43
Cutiefly,萌虻,Bug,58.25302,40,69.406136,45,73.07671,40,42.185528,55,60.186325,40,68.014755,84
Pinsir,凱羅斯,Bug,71.911476,65,103.45064,125,86.27367,100,69.18858,55,83.462204,70,82.14654,85
Surskit,溜溜糖球,Bug,58.894463,40,75.71627,30,61.394794,32,53.51492,50,57.83642,52,66.36203,65
Brambleghast,怖納噬草,Ghost,58.814133,55,80.99462,115,91.57643,70,87.26229,80,70.1233,70,56.933487,90
Gastly,鬼斯,Ghost,54.5947,30,73.18874,35,75.27412,30,63.957726,100,67.86536,35,58.502434,80
Galarian Yamask,哭哭面具 伽勒爾的樣子,Ghost,45.44204,38,59.74903,55,67.45708,85,60.679054,30,61.905884,65,44.70572,30
Rotom,洛托姆,Ghost,59.551266,50,63.202835,50,84.234535,77,66.49644,95,83.96955,77,53.890404,91
Banette,詛咒娃娃,Ghost,57.949112,64,81.04643,115,77.401115,65,81.33915,83,91.25585,63,52.95869,65
Drakloak,多龍奇,Ghost,72.68012,68,87.16137,80,70.98526,50,91.90164,60,86.22952,50,57.354675,102
Mega Sableye,MEGA勾魂眼,Ghost,57.021698,50,72.11947,85,77.365364,125,87.87788,85,79.58427,115,54.81505,20
Mismagius,夢妖魔,Ghost,74.49567,60,87.099556,60,63.566788,60,89.14179,105,83.0416,105,82.566,105
Alolan Marowak,嘎啦嘎啦 阿羅拉的樣子,Ghost,64.16515,60,78.466194,80,80.91868,110,73.9433,50,86.488556,80,75.59248,45
Dragapult,多龍巴魯托,Ghost,65.9437,88,65.98595,120,92.73809,75,95.45885,100,89.00473,75,67.11776,142
Poltchageist,斯魔茶,Ghost,61.285908,40,68.88497,45,96.97186,45,71.662,74,82.060074,54,57.45434,50
Runerigus,死神板,Ghost,57.37148,58,68.241196,95,86.99695,145,60.11409,50,73.64777,105,61.16714,30
Oricorio Sensu Style,花舞鳥 輕盈輕盈風格,Ghost,88.74463,75,75.97555,70,83.643486,70,103.88184,98,88.859985,70,58.645603,93
Flutter Mane,振翼髮,Ghost,64.3334,55,71.07676,55,84.18206,55,72.46883,135,83.16509,135,59.395473,135
Gholdengo,賽富豪,Ghost,72.311455,87,90.995384,60,84.90929,95,99.21244,133,83.40046,91,66.78323,84
Cursola,魔靈珊瑚,Ghost,81.81868,60,83.32945,95,107.97202,50,77.71436,145,85.74435,130,63.725266,30
Lampent,燈火幽靈,Ghost,55.159206,60,68.8001,40,62.86866,60,80.32505,95,66.473076,60,62.63839,55
Annihilape,棄世猴,Ghost,87.66256,110,83.44293,115,96.843704,80,102.84343,50,84.12778,90,77.26935,90
Tinkatink,小鍛匠,Steel,61.981308,50,68.68377,45,96.79026,45,52.550194,35,69.811646,64,52.678528,58
Alolan Sandshrew,穿山鼠 阿羅拉的樣子,Steel,79.340805,50,84.00715,75,97.427986,90,53.27542,10,65.38575,35,79.64101,40
Solgaleo,索爾迦雷歐,Steel,82.73337,137,112.423386,137,109.503815,107,75.19266,113,78.54547,89,84.87332,97
Registeel,雷吉斯奇魯,Steel,69.15703,80,96.386795,75,116.41278,150,88.02183,75,88.03966,150,59.256245,50
Mawile,大嘴娃,Steel,64.15391,50,85.783806,85,103.52928,85,49.67347,55,64.98124,55,47.475193,50
Duraludon,鋁鋼龍,Steel,83.31064,70,116.51634,95,96.94667,115,91.58162,120,98.29863,50,76.49109,85
Mega Scizor,MEGA巨鉗螳螂,Steel,68.61603,70,125.81619,150,121.47627,140,53.484245,65,86.17642,100,79.321915,75
Beldum,鐵啞鈴,Steel,57.67193,40,62.841885,55,78.13715,80,50.988384,35,71.24485,60,48.2188,30
Galarian Meowth,喵喵 伽勒爾的樣子,Steel,61.30449,50,73.40659,65,93.804245,55,50.373352,40,67.635445,40,61.52191,40
Melmetal,美錄梅塔,Steel,57.921165,135,97.395004,143,103.40455,143,67.45335,80,65.05533,65,53.17112,34
Ferrothorn,堅果啞鈴,Steel,60.99711,74,75.7711,94,100.726944,131,47.196,54,73.2871,116,41.1818,20
Durant,鐵蟻,Steel,54.229004,58,80.80536,109,108.59609,112,48.556076,48,62.20912,48,52.83653,109
Dialga Origin Forme,帝牙盧卡 起源形態,Steel,84.18009,100,107.136024,100,118.446495,120,70.67524,150,99.78766,120,69.89852,90
Gholdengo,賽富豪,Steel,83.51924,87,112.59728,60,97.23167,95,101.37314,133,92.78833,91,78.069244,84
Hisuian Goodra,黏美龍 洗翠的樣子,Steel,73.899055,80,82.407906,100,94.59526,100,90.591415,110,83.14854,150,70.088036,60
Hisuian Sliggoo,黏美兒 洗翠的樣子,Steel,63.573093,58,91.76144,75,96.71166,83,87.53859,83,70.84018,113,70.68558,40
Probopass,大朝北鼻,Steel,64.13199,60,97.218765,55,100.43801,145,110.87961,75,87.57304,150,64.5003,40
Kingler,巨鉗蟹,Water,56.903328,55,62.894493,130,68.321396,115,57.584816,50,60.97917,50,73.63556,75
Quagsire,沼王,Water,93.65492,95,74.19826,85,84.22616,85,76.61824,65,73.52692,65,64.64953,35
Toxapex,超壞星,Water,53.49367,50,85.87874,63,84.284424,152,84.47657,53,73.79083,142,76.68259,35
Lapras,拉普拉斯,Water,85.45174,130,85.48365,85,72.200905,80,86.44842,85,81.002815,95,80.20627,60
Wailmer,吼吼鯨,Water,87.61645,130,79.992584,70,81.0338,35,72.314735,70,84.57749,35,70.485916,60
Shellder,大舌貝,Water,63.063843,30,51.158054,65,65.16525,100,56.769062,45,56.364323,25,68.55279,40
Jellicent,胖嘟嘟,Water,82.615425,100,75.70305,60,81.68356,70,72.948074,85,75.44517,105,68.32686,60
Tatsugiri Stretchy Form,米立龍 平挺姿勢,Water,60.828194,68,56.94163,50,50.09058,60,52.532246,120,59.231377,95,49.20504,82
Palpitoad,藍蟾蜍,Water,69.63481,75,68.50464,65,74.905785,55,77.99811,65,69.65634,55,80.03669,69
Dewpider,滴蛛,Water,57.72834,38,65.572296,40,58.712357,52,64.874344,40,63.106453,72,63.624725,27
Staryu,海星星,Water,67.72904,30,80.75423,45,79.90898,55,86.25273,70,71.38567,55,83.0651,85
Quaxly,潤水鴨,Water,59.44611,55,62.000046,65,56.436775,45,68.39688,50,55.60411,45,62.103203,50
Marill,瑪力露,Water,79.32706,70,65.02371,20,74.270966,50,70.234276,20,71.23332,50,60.868393,40
Frillish,輕飄飄,Water,74.15997,55,63.923317,40,68.5851,50,65.004265,65,61.690742,85,70.325134,40
Dewgong,白海獅,Water,87.49006,90,70.77334,70,85.07567,80,74.949066,70,68.35983,95,77.10232,70
Basculin Red-Striped Form,野蠻鱸魚 紅條紋的樣子,Water,54.935894,70,75.69959,92,65.947716,65,69.04376,80,63.006523,55,81.11842,98
Basculin White-Striped Form,野蠻鱸魚 白條紋的樣子,Water,59.629253,70,69.704216,92,76.40115,65,67.08228,80,59.54182,55,67.7151,98
Relicanth,古空棘魚,Water,73.28876,100,89.36632,90,92.78594,130,78.79233,45,73.12492,65,76.79487,55
Tentacool,瑪瑙水母,Water,67.7197,40,66.34624,40,67.28679,35,68.988,50,62.45645,100,75.48363,70
Tirtouga,原蓋海龜,Water,54.740467,54,61.822697,78,66.27064,103,60.709694,53,69.21375,45,67.70269,22
Krabby,大鉗蟹,Water,54.84319,30,52.52262,105,64.39948,90,54.441555,25,67.07096,25,53.394073,50
Mega Sharpedo,MEGA巨牙鯊,Water,85.298256,70,95.68246,140,56.56715,70,79.22935,110,72.42919,65,81.21624,105
Ludicolo,樂天河童,Water,92.76552,80,100.58772,70,92.87218,70,93.577126,90,82.80461,100,67.14175,70
Palafin Hero Form,海豚俠 全能形態,Water,75.246635,100,73.34986,160,81.98315,97,96.843575,106,77.07865,87,89.308044,100
Dondozo,吃吼霸,Water,87.61177,150,83.426735,100,95.067024,115,85.82655,65,92.77545,65,81.40962,35
Chewtle,咬咬龜,Water,54.91538,50,72.959755,64,61.47876,50,76.15717,38,56.69999,38,56.433235,44
Swanna,舞天鵝,Water,75.58524,75,81.93248,87,68.93318,63,75.17611,87,76.95323,63,84.82389,98
Sharpedo,巨牙鯊,Water,80.34865,70,60.15805,120,59.15541,40,85.11219,95,58.939068,40,81.57074,95
Buizel,泳圈鼬,Water,72.468575,55,74.20803,65,74.49836,35,76.1528,60,68.5614,30,79.09053,85
Marshtomp,水躍魚,Water,71.39399,70,71.68761,85,70.71614,70,77.26161,60,79.4937,70,80.68215,50
Mega Gyarados,MEGA暴鯉龍,Water,71.410034,95,80.60093,155,65.36268,109,74.8224,70,73.441154,130,88.08673,81
Binacle,龜腳腳,Water,61.926544,42,99.0682,52,66.23387,67,65.22545,39,84.77716,56,86.746735,50
Pyukumuku,拳海參,Water,73.50941,55,68.03791,60,66.693504,130,62.328148,30,67.960205,130,65.00169,5
Vaporeon,水伊布,Water,72.86257,130,96.16089,65,89.4243,60,92.97494,110,81.88136,95,79.433815,65
Slowbro,呆殼獸,Water,76.53793,95,86.98811,75,83.54717,110,80.38512,100,71.04403,80,62.60546,30
Azumarill,瑪力露麗,Water,78.549774,100,75.45467,50,73.1853,80,87.01883,60,79.56741,80,65.20199,50
Reshiram,萊希拉姆,Fire,78.79087,100,107.013824,120,84.82263,100,104.88957,150,83.810234,120,95.996216,90
Chimchar,小火焰猴,Fire,58.853844,44,66.37554,58,53.168213,44,74.98583,58,58.44838,44,63.92592,61
Iron Moth,鐵毒蛾,Fire,77.84186,80,79.734634,70,81.51851,60,103.8556,140,88.87635,110,79.48628,110
Cyndaquil,火球鼠,Fire,59.73888,39,62.828987,52,59.433105,43,73.67314,60,63.807182,50,59.355938,65
Cinderace,閃焰王牌,Fire,74.46179,80,96.37119,116,68.35926,75,94.49122,65,69.11536,75,93.020615,119
Coalossal,巨炭山,Fire,83.872086,110,92.07727,80,86.34245,120,100.70966,80,87.30279,90,75.48557,30
Braixen,長尾火狐,Fire,78.96794,59,98.54661,59,68.535164,58,86.832726,90,85.99907,70,92.78289,73
Infernape,烈焰猴,Fire,86.62047,76,109.45614,104,77.754745,71,112.96034,104,94.11717,71,98.32655,108
Hisuian Arcanine,洗翠風速狗,Fire,81.056725,95,105.79745,115,76.13234,80,103.50288,95,86.98262,80,96.75145,90
Charmander,小火龍,Fire,54.898235,39,63.646202,52,45.903297,43,60.147556,60,54.75383,50,55.94574,65
Combusken,力壯雞,Fire,74.629875,60,103.94016,85,69.4481,60,84.41388,85,79.95603,60,91.58893,55
Salandit,夜盜火蜥,Fire,67.58763,48,86.88943,44,68.64651,40,82.541794,71,64.38269,40,68.75635,77
Tepig,暖暖豬,Fire,57.13279,65,81.20521,63,53.656425,45,68.618835,45,62.254547,45,62.933647,45
Mega Houndoom,MEGA黑魯加,Fire,66.68122,75,84.40424,90,65.20793,90,96.30366,140,83.967995,90,97.771515,115
Rotom Heat Rotom,加熱洛托姆,Fire,74.44308,50,78.8181,65,60.53639,107,64.01892,105,66.18101,107,69.58492,86
Mega Charizard Y,MEGA噴火龍Y,Fire,73.268196,78,91.47438,104,73.99138,78,74.40541,159,73.44765,115,88.40192,100
Slugma,熔岩蟲,Fire,51.307117,40,64.63076,40,54.925037,40,68.2636,70,59.38517,40,57.736595,20
Rapidash,烈焰馬,Fire,63.26828,65,85.767746,100,63.28444,70,72.45128,80,75.41837,80,78.85124,105
Charcadet,炭小侍,Fire,65.9986,40,78.84831,50,66.601524,40,97.00747,50,70.16902,40,73.286316,35
Incineroar,熾焰咆哮虎,Fire,84.8076,95,105.24755,115,80.82705,90,96.78811,80,74.1598,90,82.46039,60
Tropius,熱帶龍,Grass,78.02269,99,92.73631,68,91.10115,83,88.89,72,81.825554,87,62.10535,51
Gourgeist Large Size,南瓜怪人 大尺寸,Grass,74.57826,75,95.030594,95,112.602,122,59.877205,58,79.05589,75,66.01491,69
Celebi,時拉比,Grass,70.08001,100,81.867714,100,74.528824,100,84.48052,100,68.095726,100,74.87106,100
Bayleef,月桂葉,Grass,72.41484,60,95.58365,62,74.24697,80,83.95708,63,76.34291,80,62.70897,60
Cacturne,夢歌仙人掌,Grass,72.3115,70,84.54532,115,80.98275,60,72.87174,115,76.5185,60,71.75465,55
Appletun,豐蜜龍,Grass,81.19364,110,91.31654,85,88.38,80,86.6195,100,85.92305,80,62.90799,30
Grovyle,森林蜥蜴,Grass,79.424805,50,94.39129,65,78.56754,45,87.86966,85,76.19591,65,72.23662,95
Amoonguss,敗露球菇,Grass,70.50877,114,74.47023,85,78.70632,70,71.08972,85,78.30473,80,62.757904,30
Pansage,花椰猴,Grass,62.05867,50,63.590286,53,66.32697,48,77.73511,53,51.62139,48,57.769173,64
Chikorita,菊草葉,Grass,65.44443,45,65.56416,49,60.1949,65,75.68693,49,78.82539,65,61.674988,45
Hisuian Voltorb,霹靂電球 洗翠的樣子,Grass,56.49742,40,53.74939,30,56.023445,50,51.392685,55,50.756676,55,49.27404,100
Rillaboom,轟擂金剛猩,Grass,79.06293,100,91.043884,125,80.72863,90,68.63699,60,91.484825,70,66.35357,85
Ogerpon Teal Mask,厄鬼椪 碧草面具,Grass,73.86235,80,93.069695,120,85.02133,84,73.48943,60,92.53894,96,82.62546,110
Sawsbuck,萌芽鹿,Grass,81.21719,80,95.1137,100,81.36626,70,95.00128,60,86.70605,70,73.80182,95
Iron Leaves,鐵斑葉,Grass,67.84662,90,88.51867,130,77.58317,88,70.21757,70,88.1718,108,80.94911,104
Nuzleaf,長鼻葉,Grass,72.75096,70,76.67101,70,78.49723,40,75.03523,60,78.377075,40,64.01815,60
Rotom Mow Rotom,切割洛托姆,Grass,56.75754,50,76.89141,65,62.447174,107,69.88429,105,72.96839,107,56.59832,86
Poltchageist,斯魔茶,Grass,61.6106,40,75.39318,45,84.558685,45,56.472046,74,58.108444,54,59.152584,50
Sceptile,蜥蜴王,Grass,77.28037,70,94.67647,85,81.16715,65,82.09106,105,81.069084,85,73.642746,120
Snover,雪笠怪,Grass,72.13867,60,86.46972,62,90.86798,50,85.04327,62,84.30701,60,50.700665,40
Gourgeist Small Size,南瓜怪人 小尺寸,Grass,69.27814,55,87.76711,85,105.562454,122,64.03415,58,74.472244,75,67.12006,99
Calyrex,蕾冠王,Grass,66.824715,100,70.631325,80,86.33038,80,76.73047,80,79.16137,80,74.64183,80
Victreebel,大食花,Grass,69.759315,80,77.1799,105,76.022934,65,79.24735,100,81.789566,70,64.86042,70
Simisage,花椰猿,Grass,71.16086,75,92.993645,98,86.271194,63,77.21152,98,76.78865,63,67.725746,101
Mega Sceptile,MEGA蜥蜴王,Grass,74.63148,70,92.788994,110,91.10942,75,94.44533,145,87.873665,85,60.435974,145
Pumpkaboo Large Size,南瓜精 大尺寸,Grass,64.840034,54,63.808414,66,72.889435,70,73.21657,44,61.567368,55,50.47327,46
Servine,青藤蛇,Grass,71.93159,60,83.325386,60,75.78129,75,76.78131,60,72.37891,75,59.819077,83
Decidueye,狙射樹梟,Grass,80.332565,78,96.64961,107,93.41816,75,83.024666,100,84.55514,100,72.61014,70
Thwackey,啪咚猴,Grass,73.79641,70,91.75032,85,87.2213,70,72.385895,55,68.80636,60,68.371414,80
Bellsprout,喇叭芽,Grass,49.10655,50,49.981285,75,55.424316,35,51.02667,70,57.769993,30,52.738934,40
Pawmo,布土撥,Electric,58.85169,60,63.36963,75,59.511414,40,64.60844,50,68.0436,40,72.82913,85
Pikachu,皮卡丘,Electric,45.08262,35,80.03665,55,50.263626,40,75.11324,50,60.743793,50,117.06613,90
Manectric,雷電獸,Electric,80.99318,70,86.2652,75,72.84826,60,98.80386,105,77.04563,60,104.24841,105
Mega Ampharos,MEGA電龍,Electric,72.85854,90,60.658287,95,62.20795,105,87.52336,165,66.09545,110,92.22801,45
Hisuian Electrode,頑皮雷彈 洗翠的樣子,Electric,58.225494,60,59.75284,50,69.45558,70,77.58912,80,69.28094,80,79.62824,150
Toxtricity Amped Form,顫弦蠑螈 高調的樣子,Electric,81.09848,75,80.51264,98,66.35925,70,104.16462,114,76.835266,70,98.49161,75
Hisuian Voltorb,霹靂電球 洗翠的樣子,Electric,42.124603,40,41.15693,30,60.23691,50,63.99611,55,63.96443,55,72.74932,100
Pichu,皮丘,Electric,59.705288,20,57.399353,40,60.703083,15,84.49558,35,60.53743,35,93.083786,60
Alolan Geodude,小拳石 阿羅拉的樣子,Electric,51.39783,40,56.4673,80,77.718346,100,75.83314,30,49.7707,30,75.91753,20
Toxtricity Low Key Form,顫弦蠑螈 低調的樣子,Electric,73.47841,75,83.7431,98,70.305626,70,100.05258,114,70.98424,70,102.8554,75
Iron Thorns,鐵荊棘,Electric,77.20218,100,90.787964,134,81.550995,110,97.370766,70,64.5502,84,79.80947,72
Boltund,逐電犬,Electric,68.25037,69,74.459305,90,54.691833,60,77.03791,90,65.63042,60,78.55184,121
Zekrom,捷克羅姆,Electric,78.55432,100,93.68666,150,78.02992,120,108.6614,120,78.73337,100,96.86285,90
Wattrel,電海燕,Electric,56.489914,40,50.67069,40,52.689205,35,76.07169,55,58.08428,40,79.43931,70
Iron Hands,鐵臂膀,Electric,66.05454,154,79.2799,140,88.14395,108,83.943954,50,71.69654,68,63.308544,50
Yamper,來電汪,Electric,63.973343,59,60.064884,45,53.6825,50,68.76071,40,64.24533,50,83.87016,26
Pachirisu,帕奇利茲,Electric,57.541466,60,61.12308,45,75.15751,70,87.954926,45,64.52814,90,77.80739,95
Bellibolt,電肚蛙,Electric,60.46868,109,70.36016,64,71.14519,91,82.19069,103,65.43289,83,75.54431,45
Veluza,輕身鱈,Psychic,71.05694,90,74.50577,102,89.99826,73,97.244675,78,86.130615,65,76.81526,70
Bronzong,青銅鐘,Psychic,73.61008,67,89.165665,89,100.25212,116,98.53599,79,96.14324,116,48.96339,33
Cosmoem,科斯莫姆,Psychic,75.56996,43,77.250465,29,84.80864,131,90.418,29,93.3644,131,83.17885,37
Jynx,迷唇姐,Psychic,75.750916,65,61.999096,50,72.06189,35,112.74434,115,84.18567,95,81.087074,95
Mega Medicham,MEGA恰雷姆,Psychic,84.076126,60,85.722755,100,77.92759,85,110.69467,80,93.607445,85,87.64472,100
Deoxys Normal Forme,代歐奇希斯 普通型態,Psychic,74.82575,50,107.95505,150,86.9063,50,102.81593,150,89.769554,50,116.26515,150
Drowzee,催眠貘,Psychic,74.738976,60,65.66528,48,55.22719,45,87.35019,43,80.91657,90,77.566055,42
Dawn Wings Necrozma,奈克洛茲瑪 拂曉之翼,Psychic,83.28269,97,122.64982,113,82.62383,109,99.171875,157,111.18735,127,116.07327,77
Oranguru,智揮猩,Psychic,85.73819,90,73.44979,60,83.1738,80,119.98071,90,86.83142,110,89.05596,60
Bruxish,磨牙彩皮魚,Psychic,77.468285,68,50.547173,105,58.55435,70,61.71785,70,65.77074,70,48.96012,92
Grumpig,噗噗豬,Psychic,79.59311,80,73.73546,45,76.65332,65,95.8513,90,87.306816,110,69.78049,80
Meditite,瑪沙那,Psychic,73.55154,30,59.744926,40,65.1454,55,62.236736,40,74.76611,55,74.260925,60
Espeon,太陽伊布,Psychic,84.929794,65,73.02642,65,79.59811,60,114.005486,130,92.25234,95,91.84369,110
Baltoy,天秤偶,Psychic,66.64668,40,73.049835,40,89.0048,55,91.2534,40,90.05022,70,98.82644,55
Cresselia,克雷色利亞,Psychic,75.5836,120,88.05805,70,93.56587,110,108.11223,75,101.77412,120,82.080605,85
Wobbuffet,果然翁,Psychic,65.85037,190,60.364502,33,72.27964,58,81.01433,33,88.99951,58,70.16753,33
Gothitelle,哥德小姐,Psychic,84.27898,70,70.66312,55,80.86127,95,119.91687,95,93.14096,110,67.33351,65
Mega Alakazam,MEGA胡地,Psychic,83.6378,55,94.85565,50,68.187256,65,128.44598,175,91.36206,105,99.606,150
Chingling,鈴鐺響,Psychic,64.99645,45,46.669228,30,66.75051,50,50.836117,65,72.24175,50,70.717705,45
Hoopa Confined,懲戒胡帕,Psychic,89.36404,80,69.60981,110,76.29966,60,99.72401,150,88.92546,130,75.6258,70
Solosis,單卵細胞球,Psychic,52.567406,45,40.386166,30,54.234085,40,55.67585,105,67.18735,50,46.991417,20
Xatu,天然鳥,Psychic,78.48957,65,60.143303,75,82.87051,70,80.73947,95,85.56295,70,59.425667,95
Starmie,寶石海星,Psychic,70.14602,60,68.46644,75,74.869965,85,83.94379,100,76.64938,85,85.6387,115
Galarian Mr. Mime,迦勒爾魔牆人偶,Psychic,71.30394,50,73.43368,65,83.23239,65,102.314026,90,88.584,90,95.45247,100
Mega Slowbro,MEGA呆殼獸,Psychic,79.54243,95,75.074554,75,68.467575,180,111.70914,130,92.43342,80,59.950844,30
Ultra Necrozma,究極奈克洛茲瑪,Psychic,89.644485,97,90.397354,167,91.830635,97,104.53854,167,79.45694,97,84.66588,129
Lunatone,月石,Psychic,68.59454,90,39.034576,55,63.17949,65,95.20864,95,83.47896,85,56.022156,70
Eiscue Noice Face,冰砌鵝 解凍頭,Ice,70.87064,75,64.44205,80,82.490295,70,62.054287,65,73.46648,50,52.79269,130
Iron Bundle,鐵包袱,Ice,85.16935,56,89.38805,80,66.04202,114,79.659515,124,75.14054,60,73.877975,136
Alolan Sandshrew,穿山鼠 阿羅拉的樣子,Ice,81.28061,50,89.0827,75,54.12223,90,59.336063,10,56.74438,35,65.659584,40
Bergmite,冰寶,Ice,80.80801,55,55.369743,69,52.813805,85,59.53924,32,62.683926,35,56.430428,28
Cloyster,刺甲貝,Ice,90.467125,50,98.51862,95,66.919334,180,72.50053,85,68.7132,45,61.040844,70
Frigibax,涼脊龍,Ice,72.411385,65,67.88181,75,53.616978,45,49.446198,35,62.423115,45,65.135284,55
Snorunt,雪童子,Ice,77.560455,50,80.9974,50,66.64776,50,53.043884,50,50.9905,50,49.959717,50
Piloswine,長毛豬,Ice,78.510086,100,87.69559,100,62.760406,80,79.82007,60,75.39799,60,60.018517,50
Chien-Pao,古劍豹,Ice,94.557434,80,118.299835,120,78.14969,80,97.23901,90,70.633484,65,66.97169,135
Rotom Frost Rotom,結冰洛托姆,Ice,69.35808,50,71.80076,65,43.73836,107,55.08213,105,55.595,107,66.58551,86
Galarian Darmanitan Zen Mode,達摩狒狒 伽勒爾的樣子 (達摩模式),Ice,99.65943,105,105.647995,160,91.03386,55,77.259026,30,71.39211,55,72.014984,135
Articuno,急凍鳥,Ice,101.888985,90,113.34712,85,86.18702,100,80.51234,95,76.06079,125,62.926285,85
White Kyurem,闇黑酋雷姆,Ice,95.56454,125,103.93475,120,93.44104,90,102.71782,170,85.10271,100,64.799255,95
Zekrom,捷克羅姆,Dragon,100.94801,100,120.47804,150,105.328354,120,145.57079,120,116.5182,100,98.64214,90
Gible,圓陸鯊,Dragon,48.9865,58,72.8226,70,67.79086,45,62.975502,40,65.329575,45,73.88269,42
Zygarde 10% Forme,基格爾德 10%形態,Dragon,85.05366,54,102.76626,100,85.18556,71,109.267204,61,91.63601,85,94.87189,115
Drakloak,多龍奇,Dragon,69.64571,68,91.24111,80,83.6163,50,74.16693,60,71.70875,50,76.55501,102
Mega Charizard X,MEGA噴火龍X,Dragon,113.208755,78,111.4789,130,92.94305,111,118.33441,130,89.35687,85,87.545616,100
Dialga,帝牙盧卡,Dragon,130.33505,100,109.23922,120,88.38417,120,113.173744,150,85.26523,100,86.2443,90
Reshiram,萊希拉姆,Dragon,122.36444,100,125.40182,120,104.78152,100,135.10681,150,108.96359,120,113.29797,90
Appletun,豐蜜龍,Dragon,78.84754,110,97.80849,85,106.309105,80,91.81012,100,77.6978,80,65.165245,30
Altaria,七夕青鳥,Dragon,88.3174,75,103.64713,70,98.64404,90,108.70669,70,87.42062,105,76.67667,80
Dragalge,毒藻龍,Dragon,94.11832,65,121.15219,75,106.461716,90,138.12248,97,109.45567,123,126.16412,44
Baxcalibur,戟脊龍,Dragon,94.46001,115,105.32718,145,100.0119,92,96.35605,75,79.536835,86,76.30084,87
Druddigon,赤面龍,Dragon,81.93849,77,119.44419,120,105.5104,90,120.17082,60,88.97431,90,104.182724,48
Hydrapple,蜜集大蛇,Dragon,78.33158,106,86.96828,80,82.501175,110,95.08734,120,83.756996,80,76.832054,44
Guzzlord,惡食大王,Dragon,97.829956,223,102.447296,101,80.855644,53,87.79666,97,63.290142,53,80.89799,43
Bagon,寶貝龍,Dragon,58.01297,45,72.23665,75,83.902054,60,81.073166,40,76.37636,30,66.26946,50
Dragonite,快龍,Dragon,88.97629,91,103.94088,134,88.715454,95,95.47619,100,82.689285,100,85.73106,80
Latios,拉帝歐斯,Dragon,98.94075,80,101.88193,90,103.44582,80,109.5012,130,107.09492,110,105.03761,110
Palkia,帕路奇亞,Dragon,90.57482,90,114.72554,120,95.02108,100,106.73208,150,95.19103,120,86.37465,100
Hisuian Sliggoo,黏美兒 洗翠的樣子,Dragon,66.31624,58,74.56407,75,75.1797,83,102.33672,83,78.949165,113,75.7648,40
Krookodile,流氓鱷,Dark,87.55257,95,107.282715,117,77.707535,80,77.84265,65,82.8832,70,84.37799,92
Deino,單首龍,Dark,65.22183,52,75.475174,65,62.0566,50,59.80075,45,78.996704,50,57.598045,38
Absol,阿勃梭魯,Dark,77.74837,65,96.41873,130,62.477524,60,98.79503,75,71.24166,60,97.97446,75
Houndour,戴魯比,Dark,57.89057,45,62.321518,60,54.304253,30,89.38986,80,63.245255,50,76.71705,65
Pawniard,駒刀小兵,Dark,56.154957,45,85.702614,85,63.883156,70,52.883385,40,61.676765,40,74.01974,60
Alolan Rattata,小拉達 阿羅拉的樣子,Dark,53.886932,30,78.2842,56,65.85858,35,66.70725,25,70.471535,35,76.90404,72
Guzzlord,惡食大王,Dark,75.73744,223,91.049416,101,85.67624,53,78.58993,97,91.770325,53,79.09878,43
Mightyena,大狼犬,Dark,87.91517,70,112.42531,90,81.55522,70,102.527145,60,72.70779,60,90.01273,70
Hisuian Qwilfish,千針魚 洗翠的樣子,Dark,59.859596,65,77.427536,95,72.495605,85,65.33603,55,70.823814,55,71.58598,85
Shiftry,狡猾天狗,Dark,86.18102,90,108.953224,100,65.875175,60,95.84285,90,72.197685,60,78.05602,80
Alolan Grimer,臭泥 阿羅拉的樣子,Dark,56.12482,80,79.825294,80,70.98516,50,66.694016,40,71.54825,50,63.542328,25
Stunky,臭鼬噗,Dark,63.889248,63,76.73998,63,70.0142,47,67.09842,41,61.206413,41,94.21403,74
Sandile,黑眼鱷,Dark,59.251427,50,74.831665,72,69.23657,35,60.35498,35,95.93801,35,73.56049,65
Bombirdier,下石鳥,Dark,82.31981,70,86.86345,103,62.770897,85,68.90708,60,74.43782,85,89.9274,82
Kingambit,仆斬將軍,Dark,76.07603,100,103.124016,135,96.55204,120,86.81882,60,81.16082,85,95.76576,50
Hisuian Samurott,大劍鬼 洗翠的樣子,Dark,75.03023,90,96.74513,108,65.591675,80,78.89711,100,63.51263,65,89.74555,85
Lokix,烈腿蝗,Dark,75.697495,71,102.53847,102,85.898544,78,103.77923,52,75.164024,55,68.36746,92
Yveltal,伊裴爾塔爾,Dark,67.11377,126,89.31673,131,86.94489,95,67.82216,131,76.97275,98,93.77835,99
Wigglytuff,胖可丁,Fairy,74.3794,140,66.66183,70,80.298645,45,81.080376,85,97.67264,50,66.948944,45
Enamorus Incarnate Forme,眷戀雲 化身形態,Fairy,72.14441,74,85.59725,115,88.19291,70,114.24542,135,91.85079,80,74.72732,106
Gardevoir,沙奈朵,Fairy,61.28585,68,81.89221,65,90.349396,65,110.763245,125,92.2658,115,77.79623,80
Clefairy,皮皮,Fairy,80.77969,70,50.182518,45,61.378693,48,61.748558,60,56.446163,65,40.09133,35
Whimsicott,風妖精,Fairy,68.48134,60,57.328934,67,66.006256,85,79.05071,77,74.49246,75,71.73998,116
Fezandipiti,吉雉雞,Fairy,73.50829,88,116.98848,91,96.77319,82,122.59924,70,97.118454,125,91.74805,99
Togepi,波克比,Fairy,66.607475,35,60.217903,20,64.16881,65,77.30359,40,84.155365,65,64.75202,20
Swirlix,綿綿泡芙,Fairy,76.92508,62,54.758476,48,69.50358,66,82.84171,59,82.75379,57,62.298805,49
Marill,瑪力露,Fairy,68.73762,70,63.055256,20,70.145065,50,73.77867,20,72.34426,50,54.905457,40
Hatterene,布莉姆溫,Fairy,72.85095,57,62.32283,90,84.9424,95,85.35535,136,76.22422,103,70.51474,29
Fidough,狗仔包,Fairy,65.32159,37,59.947247,55,68.449165,70,54.4954,30,75.143234,55,68.830605,65
Florges,花潔夫人,Fairy,74.188545,78,73.5992,65,96.385895,68,103.03672,112,87.975685,154,74.92481,75
Igglybuff,寶寶丁,Fairy,46.789925,90,49.128384,30,65.07499,15,70.12484,40,71.984276,20,52.186234,15
Ribombee,蝶結萌虻,Fairy,60.96283,60,52.189384,55,79.88664,60,78.853584,95,89.52022,70,65.17193,124
Galarian Rapidash,烈焰馬 迦勒爾的樣子,Fairy,71.73815,65,79.00808,100,68.12353,70,88.88594,80,84.26613,80,67.99396,105
